name,age,last_login,watch_time,preferred_category,payment_status,email,days_since_login,churned
김수민,35,2025-04-14,213,드라마,unpaid,ogsunjang@yuhanhoesa.kr,24,0
김재호,20,2025-04-27,124,예능,unpaid,hyeonui@gmail.com,11,0
김영자,63,2025-04-16,225,드라마,unpaid,yeongsugweon@daum.net,22,0
김준혁,63,2025-04-16,109,다큐멘터리,paid,seomijeong@live.com,22,0
이재현,56,2025-04-21,272,드라마,paid,yeweongim@hanmail.net,17,0
민지혜,59,2025-04-04,228,영화,unpaid,oi@gimi.net,34,1
심재호,30,2025-04-08,297,영화,paid,seonghyeoni@yu.org,30,1
류준서,40,2025-04-27,250,드라마,paid,minjae95@hanmail.net,11,0
이하은,58,2025-05-01,166,다큐멘터리,unpaid,yeonghwangim@naver.com,7,0
이은경,25,2025-04-19,257,예능,unpaid,hyejingim@dreamwiz.com,19,0
김민석,31,2025-04-06,87,영화,unpaid,ycoe@coebaggim.kr,32,1
김정희,49,2025-04-09,74,영화,paid,sangho62@dreamwiz.com,29,0
오정웅,61,2025-04-30,281,다큐멘터리,unpaid,munjaeho@jusighoesa.com,8,0
황옥자,27,2025-04-11,45,영화,paid,myeongsug15@gimgim.kr,27,0
김예지,23,2025-04-28,200,예능,paid,seojunbag@yu.kr,10,0
김영철,34,2025-04-19,72,예능,unpaid,junho57@gimgimi.kr,19,0
최경숙,31,2025-04-02,204,예능,unpaid,minjaegim@gimgim.net,36,1
박정웅,50,2025-04-30,114,다큐멘터리,paid,eunseosong@hanmail.net,8,0
윤성현,49,2025-04-08,16,드라마,unpaid,dmun@daum.net,30,1
서주원,63,2025-04-29,230,애니메이션,paid,seunghyeonbag@yuhanhoesa.kr,9,0
유시우,41,2025-04-22,228,영화,unpaid,yunminseo@ju.kr,16,0
문지후,37,2025-04-26,65,다큐멘터리,paid,ygim@naman.com,12,0
성현준,42,2025-04-17,268,다큐멘터리,unpaid,seungmingim@gmail.com,21,0
정지아,58,2025-04-04,103,영화,unpaid,coemyeongja@ju.com,34,1
김명자,59,2025-04-04,224,영화,paid,kgim@ju.kr,34,1
최숙자,24,2025-04-14,280,애니메이션,unpaid,yeongsugi@naver.com,24,0
장성민,26,2025-04-11,234,다큐멘터리,paid,gimsujin@daum.net,27,0
김상훈,56,2025-04-02,176,드라마,unpaid,yangjuweon@hotmail.com,36,1
정성민,30,2025-04-02,251,예능,unpaid,caeweon12@gimgim.kr,36,1
이상철,59,2025-04-27,292,애니메이션,unpaid,yeongjago@dreamwiz.com,11,0
백광수,51,2025-04-04,50,드라마,unpaid,donghyeon52@naver.com,34,1
박정식,26,2025-04-28,174,예능,unpaid,gimjiyeong@ju.kr,10,0
이경희,36,2025-04-29,216,다큐멘터리,paid,baeyeonggil@hanmail.net,9,0
이윤서,64,2025-04-26,41,다큐멘터리,unpaid,caeweongim@hotmail.com,12,0
송춘자,42,2025-04-16,242,다큐멘터리,unpaid,ogsuni@songmunsong.com,22,0
한성훈,30,2025-04-25,226,예능,paid,dgim@ian.com,13,0
장승민,53,2025-04-20,102,애니메이션,paid,juyejun@live.com,18,0
홍순옥,27,2025-04-26,105,예능,paid,yangyeongho@gimcoe.com,12,0
이은영,40,2025-04-25,258,예능,unpaid,mbae@gimi.kr,13,0
박정희,51,2025-04-26,124,다큐멘터리,unpaid,jinu59@janggim.com,12,0
장순옥,45,2025-04-15,145,다큐멘터리,unpaid,seunghyeonjang@live.com,23,0
배은정,62,2025-04-25,14,애니메이션,unpaid,acoe@naver.com,13,0
이영환,34,2025-04-18,54,다큐멘터리,unpaid,rbag@hanmail.net,20,0
안현주,29,2025-04-09,260,다큐멘터리,paid,iyeongmi@gimgwag.com,29,0
김서연,48,2025-04-07,9,영화,paid,gimgyeongja@yuhanhoesa.net,31,1
이민재,26,2025-04-07,125,드라마,unpaid,hwangyeongsu@gimgimhong.kr,31,1
박영진,39,2025-04-12,7,다큐멘터리,paid,ugang@live.com,26,0
최하윤,48,2025-04-29,83,예능,paid,pgim@naver.com,9,0
박은정,18,2025-04-14,274,애니메이션,paid,sgim@hanmail.net,24,0
이영철,30,2025-04-16,104,예능,unpaid,yeongsighan@ju.com,22,0
이서영,46,2025-04-27,87,영화,unpaid,lbae@gmail.com,11,0
권영미,46,2025-04-12,93,다큐멘터리,paid,jaeho66@yuhanhoesa.kr,26,0
이정남,32,2025-04-21,80,다큐멘터리,unpaid,jeongjaheo@gmail.com,17,0
최정숙,26,2025-04-27,186,드라마,paid,dgim@ju.com,11,0
이정훈,18,2025-04-16,20,애니메이션,paid,ogja64@daum.net,22,0
권광수,47,2025-04-06,176,예능,unpaid,sunjahwang@gmail.com,32,1
하서연,25,2025-04-06,195,드라마,paid,yeongilbag@jusighoesa.kr,32,1
신미영,38,2025-04-04,139,드라마,paid,sangho04@iogim.net,34,1
김정자,40,2025-04-10,193,영화,unpaid,anseoyeon@gmail.com,28,0
이성호,57,2025-04-26,20,다큐멘터리,unpaid,hongjeongsug@daum.net,12,0
이중수,25,2025-04-09,27,예능,paid,jinuseo@naver.com,29,0
허지영,20,2025-04-28,29,애니메이션,paid,lryu@naver.com,10,0
김진우,54,2025-04-15,8,다큐멘터리,paid,dgim@live.com,23,0
박성진,60,2025-04-26,212,영화,paid,jeonghungim@naver.com,12,0
한수민,43,2025-04-07,22,애니메이션,paid,byeongceolo@coegimbag.net,31,1
안동현,61,2025-04-04,164,다큐멘터리,unpaid,than@bagbag.kr,34,1
최순자,57,2025-04-02,41,예능,paid,jeongnam31@hanmail.net,36,1
서진호,57,2025-04-06,171,다큐멘터리,unpaid,yeongsubag@najeon.com,32,1
김건우,42,2025-04-08,63,영화,unpaid,donghyeon08@hangim.org,30,1
김경숙,32,2025-04-17,254,영화,paid,vbag@hotmail.com,21,0
김채원,22,2025-04-11,96,드라마,unpaid,iminjae@jusighoesa.com,27,0
권예준,27,2025-04-03,72,드라마,unpaid,cbag@gojin.com,35,1
김현주,53,2025-05-01,290,애니메이션,unpaid,sujini@jusighoesa.kr,7,0
최성민,36,2025-04-09,20,다큐멘터리,unpaid,yeweon71@yu.net,29,0
송서연,56,2025-04-29,229,애니메이션,paid,sunjabaeg@ju.org,9,0
권영호,38,2025-04-26,282,다큐멘터리,paid,sgim@naver.com,12,0
노예진,55,2025-04-18,177,애니메이션,paid,cgim@live.com,20,0
조경자,55,2025-04-24,20,예능,paid,eomyeongsug@coegweon.com,14,0
윤지훈,20,2025-04-02,142,예능,paid,fyun@yuhanhoesa.org,36,1
이영식,34,2025-04-02,290,드라마,unpaid,bagjeongsu@nate.com,36,1
황준호,61,2025-04-18,27,영화,unpaid,mi@gangbag.kr,20,0
김유진,34,2025-04-01,215,다큐멘터리,paid,fyang@daum.net,37,1
강주원,31,2025-04-12,99,드라마,unpaid,minji86@jusighoesa.com,26,0
김현숙,49,2025-04-28,64,영화,paid,jihu77@hanmail.net,10,0
김병철,43,2025-04-03,271,다큐멘터리,unpaid,ieunyeong@iani.com,35,1
이영환,19,2025-04-23,142,다큐멘터리,unpaid,hyeonubag@nate.com,15,0
정예원,64,2025-04-11,152,영화,unpaid,hyeonjugim@live.com,27,0
황광수,30,2025-04-16,247,영화,unpaid,qi@hotmail.com,22,0
김영일,56,2025-04-27,148,다큐멘터리,unpaid,yangjinho@dreamwiz.com,11,0
김준호,59,2025-04-07,249,예능,unpaid,baghyeonjeong@gangi.com,31,1
고지혜,55,2025-04-19,183,다큐멘터리,paid,sujin78@gmail.com,19,0
김정순,64,2025-04-13,78,드라마,paid,ogjai@daum.net,25,0
한미숙,26,2025-04-02,250,다큐멘터리,unpaid,jieun05@yu.kr,36,1
안보람,51,2025-04-22,92,애니메이션,unpaid,pgang@baeggimbag.com,16,0
장지후,65,2025-04-10,106,예능,paid,yeongsug21@dreamwiz.com,28,0
민수진,43,2025-04-30,32,다큐멘터리,unpaid,hyeonjun43@live.com,8,0
김영미,36,2025-04-28,183,영화,unpaid,hyejin40@live.com,10,0
최정수,45,2025-04-21,9,영화,unpaid,sjeon@yu.com,17,0
장정희,40,2025-04-21,186,애니메이션,unpaid,baesunja@angim.com,17,0
김수진,58,2025-04-18,8,애니메이션,paid,siuan@nate.com,20,0
백지은,29,2025-04-20,132,드라마,unpaid,sju@nate.com,18,0
박명자,54,2025-04-09,71,드라마,unpaid,zju@gimi.com,29,0
박정숙,60,2025-04-08,277,애니메이션,paid,xryu@daum.net,30,1
박은정,57,2025-04-28,203,애니메이션,unpaid,sunjayun@dreamwiz.com,10,0
이영순,19,2025-04-21,259,다큐멘터리,unpaid,hajaeho@gimgimbag.kr,17,0
장정호,41,2025-04-10,142,영화,paid,jiuyun@dreamwiz.com,28,0
심수빈,35,2025-04-10,75,영화,paid,jinhoha@nate.com,28,0
임영철,30,2025-04-26,180,드라마,unpaid,iseungmin@daum.net,12,0
류미경,35,2025-04-24,148,애니메이션,paid,gimjeongung@jusighoesa.org,14,0
최지원,48,2025-04-19,61,애니메이션,paid,eungyeong90@gogim.com,19,0
안미영,65,2025-04-20,201,영화,unpaid,gyeongsuan@yu.com,18,0
서영진,28,2025-04-25,178,드라마,unpaid,xbag@yuhanhoesa.org,13,0
윤수진,49,2025-04-28,119,드라마,unpaid,eomjeonghyi@imbagbaeg.com,10,0
이민서,54,2025-04-09,22,영화,paid,sujin98@icoe.com,29,0
조동현,24,2025-04-26,52,애니메이션,unpaid,jinuson@ibagi.com,12,0
이상훈,32,2025-04-07,59,예능,paid,fgim@yuhanhoesa.kr,31,1
성영호,21,2025-04-26,80,애니메이션,unpaid,qi@munoju.kr,12,0
김영일,48,2025-04-29,21,예능,unpaid,ggim@hongi.org,9,0
김시우,33,2025-04-07,86,다큐멘터리,paid,doyun44@igim.com,31,1
이민서,47,2025-04-03,151,다큐멘터리,paid,sinyeongsu@baggimi.com,35,1
최미경,36,2025-04-13,37,드라마,paid,seonghyeongang@yu.kr,25,0
권민석,23,2025-04-15,277,예능,paid,iyeongsun@dreamwiz.com,23,0
이서윤,25,2025-04-17,17,영화,paid,gimhayun@yu.com,21,0
신민준,27,2025-04-14,233,영화,unpaid,myeongjajeon@nate.com,24,0
문광수,41,2025-04-03,120,영화,unpaid,uheo@coeoi.com,35,1
주민준,54,2025-04-16,105,영화,unpaid,byeongceol13@live.com,22,0
박영숙,30,2025-04-11,108,영화,unpaid,yeongsu21@daum.net,27,0
김지영,55,2025-04-22,143,영화,unpaid,yeongilgim@hanmail.net,16,0
김정훈,58,2025-04-18,288,영화,unpaid,haeungang@gweongweonbag.kr,20,0
민순옥,60,2025-04-25,269,영화,unpaid,jinhobag@naver.com,13,0
최순자,59,2025-04-02,116,애니메이션,paid,hyeonjun00@ryugim.org,36,1
김은서,58,2025-04-24,187,영화,unpaid,ycoe@gmail.com,14,0
송재호,20,2025-04-28,183,애니메이션,unpaid,dbag@dreamwiz.com,10,0
배성현,36,2025-04-24,239,영화,unpaid,dohyeono@baggangi.com,14,0
황정수,54,2025-04-30,178,영화,paid,minsu18@ioyun.kr,8,0
이은경,34,2025-04-14,252,예능,paid,jeongnam62@yu.com,24,0
류지아,60,2025-04-06,49,예능,unpaid,bbag@iha.com,32,1
박서윤,28,2025-04-26,282,다큐멘터리,unpaid,minjunhong@ju.kr,12,0
김준영,62,2025-04-13,108,영화,paid,xgim@yuhanhoesa.org,25,0
박옥자,62,2025-04-17,47,애니메이션,unpaid,mbae@nate.com,21,0
최영희,59,2025-04-19,256,애니메이션,paid,abag@hotmail.com,19,0
송미정,52,2025-04-21,133,드라마,unpaid,yunjiyeon@daum.net,17,0
박미정,23,2025-04-19,93,드라마,paid,yejunbaeg@yuhanhoesa.com,19,0
손현숙,52,2025-04-27,126,예능,paid,ijunseo@live.com,11,0
이경자,21,2025-05-01,185,애니메이션,unpaid,eunyeong20@heobag.org,7,0
한영길,33,2025-04-15,75,영화,unpaid,gimyeongsu@yuhanhoesa.com,23,0
김상호,45,2025-04-08,62,예능,paid,gimjieun@gmail.com,30,1
최정희,57,2025-04-23,245,예능,paid,wgim@hanmail.net,15,0
김정숙,40,2025-04-04,77,예능,unpaid,gwagminseo@gmail.com,34,1
박재현,62,2025-04-23,243,애니메이션,paid,ogja51@nate.com,15,0
윤동현,22,2025-04-28,257,애니메이션,paid,donghyeonjeong@hotmail.com,10,0
임현지,40,2025-04-14,299,영화,paid,eunjigim@dreamwiz.com,24,0
김주원,59,2025-04-13,88,드라마,paid,caeweon86@gimgweongim.com,25,0
김은지,51,2025-04-23,261,드라마,unpaid,anjinu@live.com,15,0
손영숙,60,2025-04-19,86,다큐멘터리,unpaid,xhan@songseo.com,19,0
지병철,46,2025-04-11,119,애니메이션,unpaid,sanghyeon54@naver.com,27,0
오민준,63,2025-04-16,210,드라마,paid,hyeonu59@live.com,22,0
구진호,37,2025-04-17,27,다큐멘터리,unpaid,zi@ju.kr,21,0
이미정,52,2025-04-25,220,영화,unpaid,jongsu90@yuhanhoesa.com,13,0
김민수,30,2025-04-10,112,영화,paid,ri@hanmail.net,28,0
김서연,36,2025-04-10,199,애니메이션,paid,iyeongho@dreamwiz.com,28,0
강정수,33,2025-04-02,229,드라마,unpaid,sanghungo@dreamwiz.com,36,1
오현준,22,2025-04-15,277,다큐멘터리,paid,yeweon88@naver.com,23,0
고정희,53,2025-04-10,107,드라마,paid,migyeong13@jusighoesa.com,28,0
최영수,23,2025-04-02,205,예능,unpaid,gimjunho@baghwangryu.com,36,1
이도현,51,2025-04-13,207,영화,paid,seojun89@hotmail.com,25,0
김예진,21,2025-04-20,118,영화,paid,bagjaeho@yu.com,18,0
노지후,40,2025-04-29,295,애니메이션,paid,seunghyeon84@yu.com,9,0
김현정,40,2025-04-29,61,다큐멘터리,paid,areumo@hongcoe.org,9,0
김현정,33,2025-04-05,291,영화,paid,yunseoi@gmail.com,33,1
강성민,54,2025-04-20,42,드라마,unpaid,zgim@live.com,18,0
김도윤,32,2025-04-16,266,애니메이션,paid,nbag@nate.com,22,0
이정희,38,2025-04-01,270,예능,paid,xgim@daum.net,37,1
박상훈,33,2025-04-28,57,애니메이션,paid,sangceoli@munica.com,10,0
심정희,23,2025-04-30,138,드라마,unpaid,myeongjabag@yangbaggim.kr,8,0
주서영,26,2025-04-06,111,드라마,paid,gimmyeongsug@dreamwiz.com,32,1
김민석,29,2025-04-26,218,영화,unpaid,yejin65@yuhanhoesa.com,12,0
박정훈,61,2025-04-20,177,영화,unpaid,gimsangceol@nate.com,18,0
이현정,53,2025-04-02,13,다큐멘터리,paid,seonyeongi@ju.kr,36,1
조영일,46,2025-04-26,115,드라마,unpaid,seonghyeon94@nate.com,12,0
박예지,22,2025-04-21,90,다큐멘터리,unpaid,xsong@nate.com,17,0
구은경,51,2025-04-03,198,드라마,paid,pi@ju.com,35,1
오지영,35,2025-04-22,82,예능,unpaid,jeongsuggim@daum.net,16,0
박승현,18,2025-04-28,293,예능,paid,jungsuhwang@dreamwiz.com,10,0
서명자,29,2025-04-20,76,다큐멘터리,unpaid,borameom@bagigim.kr,18,0
이종수,34,2025-04-14,34,다큐멘터리,unpaid,pgim@naver.com,24,0
김현지,35,2025-04-13,128,드라마,unpaid,yeweon75@dreamwiz.com,25,0
심주원,37,2025-04-13,203,영화,unpaid,sanghun86@live.com,25,0
곽지원,65,2025-04-17,181,예능,paid,iyeeun@nate.com,21,0
윤지아,33,2025-04-15,216,영화,unpaid,jeongsuni@gimgang.kr,23,0
김지후,37,2025-04-02,124,영화,paid,minseogi@gimhwanggim.kr,36,1
김은지,41,2025-04-21,113,예능,paid,wyun@naver.com,17,0
윤지후,59,2025-04-29,56,예능,unpaid,mijeongo@jusighoesa.com,9,0
이예진,46,2025-04-22,261,예능,unpaid,gimseoyeon@daum.net,16,0
이예원,28,2025-04-17,119,애니메이션,unpaid,jeonghyibag@hanmail.net,21,0
이지민,29,2025-04-16,82,영화,paid,gyeongsui@naver.com,22,0
권보람,53,2025-04-10,13,애니메이션,unpaid,fbag@live.com,28,0
김민서,49,2025-04-09,166,다큐멘터리,paid,geonui@dreamwiz.com,29,0
곽수진,25,2025-04-04,91,영화,paid,areum30@yuhanhoesa.net,34,1
한은주,45,2025-04-13,171,영화,unpaid,subin32@dreamwiz.com,25,0
신예준,25,2025-04-23,110,영화,paid,zgweon@hanmail.net,15,0
장은서,28,2025-04-23,147,다큐멘터리,unpaid,xbag@ju.kr,15,0
김지혜,57,2025-04-19,124,애니메이션,unpaid,jangyeeun@dreamwiz.com,19,0
박준서,43,2025-04-18,108,영화,paid,misugbag@gmail.com,20,0
장숙자,63,2025-04-16,296,다큐멘터리,unpaid,agim@ju.com,22,0
정명숙,44,2025-04-25,191,다큐멘터리,unpaid,agim@jusighoesa.net,13,0
이혜진,29,2025-04-16,178,영화,unpaid,ymun@live.com,22,0
차준호,20,2025-04-20,255,애니메이션,paid,sanghun86@jusighoesa.org,18,0
이정남,39,2025-04-18,51,영화,paid,pryu@dreamwiz.com,20,0
이진우,46,2025-04-09,299,애니메이션,unpaid,songjihu@jusighoesa.kr,29,0
문서현,54,2025-04-18,61,드라마,paid,ibag@ju.com,20,0
허영환,45,2025-04-23,101,애니메이션,unpaid,jaehogim@hanmail.net,15,0
이영호,43,2025-04-27,79,드라마,unpaid,dcoe@nojang.org,11,0
한영순,64,2025-04-29,20,애니메이션,paid,igim@dreamwiz.com,9,0
김준호,63,2025-04-27,16,예능,unpaid,jheo@jucoegim.com,11,0
이도현,56,2025-04-24,27,드라마,paid,sangceol30@naver.com,14,0
조광수,26,2025-04-18,144,예능,unpaid,eunjucoe@yuhanhoesa.com,20,0
백상철,48,2025-04-10,27,다큐멘터리,paid,sinyujin@jusighoesa.com,28,0
황영미,24,2025-04-21,105,애니메이션,paid,yeongho87@dreamwiz.com,17,0
나영수,50,2025-04-08,126,애니메이션,paid,juweoni@hanmail.net,30,1
김유진,41,2025-04-03,147,예능,paid,seongjin53@live.com,35,1
김유진,34,2025-04-27,193,예능,unpaid,yunseo77@dreamwiz.com,11,0
안민준,62,2025-04-03,58,드라마,paid,jihyeonjeong@gmail.com,35,1
홍명자,49,2025-04-06,74,다큐멘터리,paid,ijeongja@ju.com,32,1
박도윤,41,2025-04-25,217,애니메이션,paid,igim@live.com,13,0
박서준,47,2025-04-28,154,예능,unpaid,bagyeonghyi@live.com,10,0
백미숙,45,2025-04-29,207,영화,unpaid,yeongjingang@songi.kr,9,0
성영길,48,2025-04-08,207,예능,paid,jaehoryu@ju.com,30,1
한미경,60,2025-04-20,117,예능,unpaid,seoyeon18@gmail.com,18,0
배정수,52,2025-04-28,116,드라마,unpaid,donghyeon14@gmail.com,10,0
고건우,61,2025-04-08,167,애니메이션,paid,yujino@namicoe.kr,30,1
이하윤,43,2025-04-13,170,다큐멘터리,paid,igweon@daum.net,25,0
우명숙,27,2025-04-04,257,영화,unpaid,jeongjai@live.com,34,1
이은주,39,2025-04-11,296,드라마,unpaid,jgim@live.com,27,0
장재호,31,2025-04-11,13,영화,paid,eunjeong11@gimo.net,27,0
이성호,53,2025-04-29,52,예능,unpaid,nojinho@gimgim.kr,9,0
최승민,45,2025-04-15,52,다큐멘터리,unpaid,isangceol@mungim.kr,23,0
김지후,57,2025-04-05,9,드라마,paid,yeongsungim@ibag.com,33,1
이성민,50,2025-04-08,85,드라마,unpaid,yeongceol37@yuhanhoesa.com,30,1
이준혁,37,2025-04-20,105,영화,paid,jinho69@hotmail.com,18,0
조정수,44,2025-04-14,288,예능,paid,seonghun65@naver.com,24,0
강현주,19,2025-04-01,268,다큐멘터리,paid,junseo65@jusighoesa.kr,37,1
서진우,60,2025-04-11,43,다큐멘터리,unpaid,san@yuhanhoesa.com,27,0
오지우,28,2025-04-04,118,다큐멘터리,unpaid,ejin@bagyumun.kr,34,1
안아름,30,2025-04-14,194,영화,paid,hwangareum@gimgang.kr,24,0
장영숙,58,2025-04-09,150,다큐멘터리,paid,ggim@naver.com,29,0
신영호,59,2025-04-13,196,애니메이션,paid,di@yu.kr,25,0
이진호,40,2025-04-24,205,예능,unpaid,jeonghuni@yuhanhoesa.com,14,0
한성수,30,2025-04-21,206,영화,paid,songsangho@nate.com,17,0
장민지,36,2025-04-02,45,영화,paid,minjii@seonggimi.com,36,1
윤승민,52,2025-04-24,236,애니메이션,paid,ycoe@jusighoesa.com,14,0
안옥자,36,2025-04-12,220,영화,paid,seunghyeon14@dreamwiz.com,26,0
윤은서,63,2025-04-29,14,애니메이션,unpaid,ijeonghyi@hotmail.com,9,0
한수진,46,2025-04-24,224,드라마,unpaid,jeongnamgim@jusighoesa.kr,14,0
이병철,18,2025-04-25,65,애니메이션,paid,myeongsuggim@honggang.org,13,0
김민수,60,2025-04-27,36,영화,paid,fi@live.com,11,0
박민지,47,2025-04-21,61,드라마,unpaid,jaehyeoni@gimbag.net,17,0
박옥순,43,2025-04-10,163,영화,unpaid,eungyeong58@yuhanhoesa.org,28,0
김채원,41,2025-04-07,105,드라마,unpaid,fi@mungimsong.com,31,1
최순자,26,2025-04-03,293,드라마,paid,subinan@hanmail.net,35,1
최옥자,57,2025-04-03,165,애니메이션,paid,hyeonju44@gwagbag.net,35,1
김지아,24,2025-04-20,104,애니메이션,paid,jinjia@hotmail.com,18,0
김민서,27,2025-04-20,282,예능,unpaid,yunseojang@dreamwiz.com,18,0
강재현,32,2025-04-30,118,예능,unpaid,ygim@daum.net,8,0
권정수,34,2025-04-15,122,다큐멘터리,paid,uha@gmail.com,23,0
홍미숙,52,2025-04-21,291,애니메이션,unpaid,jeonghyi86@hanmail.net,17,0
류예진,29,2025-04-09,288,다큐멘터리,paid,jeongung92@dreamwiz.com,29,0
손지연,25,2025-04-13,2,애니메이션,paid,gangjeongja@ju.kr,25,0
한민수,40,2025-04-13,45,애니메이션,unpaid,jiyeonyang@daum.net,25,0
김영미,43,2025-04-14,287,영화,unpaid,ijaeho@yuhanhoesa.net,24,0
김도현,62,2025-04-02,31,예능,unpaid,sgim@ryumin.kr,36,1
박서윤,57,2025-04-19,171,영화,unpaid,gimjuweon@gimhwang.org,19,0
윤정순,18,2025-04-02,226,애니메이션,paid,gangseonghyeon@ogang.com,36,1
강영희,55,2025-04-22,272,애니메이션,unpaid,baeseongmin@yuhanhoesa.com,16,0
김영철,50,2025-04-06,77,애니메이션,paid,hongareum@naver.com,32,1
조병철,37,2025-04-08,85,드라마,unpaid,sunja37@live.com,30,1
박예준,59,2025-04-24,193,예능,unpaid,cunja26@ijanggweon.org,14,0
최건우,50,2025-04-12,121,드라마,unpaid,yuhayun@baggangbag.kr,26,0
이재현,45,2025-04-24,156,애니메이션,unpaid,byeongceol18@jusighoesa.kr,14,0
권은지,57,2025-04-17,163,영화,unpaid,yeonghyi30@ju.com,21,0
조성수,20,2025-05-01,93,드라마,paid,gimseongmin@jusighoesa.org,7,0
김미정,56,2025-04-23,280,드라마,unpaid,hwangdoyun@live.com,15,0
김정식,47,2025-04-17,7,다큐멘터리,unpaid,xbag@yuhanhoesa.org,21,0
최정웅,47,2025-04-21,215,예능,unpaid,gimjia@ju.kr,17,0
김현주,42,2025-04-25,37,예능,unpaid,pgim@heoiryu.kr,13,0
박지후,50,2025-04-29,186,드라마,paid,eunjuna@gimbagi.org,9,0
김영길,62,2025-04-09,212,드라마,unpaid,jaehyeonan@hanmail.net,29,0
최영식,25,2025-04-02,107,애니메이션,paid,seongjinnam@jusighoesa.com,36,1
김은지,28,2025-04-06,254,다큐멘터리,paid,gimhyeonju@live.com,32,1
김현준,65,2025-04-05,137,다큐멘터리,unpaid,gimyeongil@live.com,33,1
이현지,34,2025-04-16,80,영화,paid,bagsunog@gimcoei.com,22,0
이성수,44,2025-04-26,291,다큐멘터리,paid,jeongsu43@daum.net,12,0
김지영,54,2025-04-13,105,다큐멘터리,paid,sanghyeonbag@ibag.org,25,0
이상훈,47,2025-04-24,43,예능,paid,gimyeongja@jusighoesa.com,14,0
이명숙,64,2025-04-06,22,드라마,paid,jeongsug20@live.com,32,1
최유진,58,2025-04-11,201,애니메이션,paid,ygim@ju.org,27,0
김서연,26,2025-04-28,66,예능,unpaid,yeongja19@naver.com,10,0
김혜진,50,2025-04-29,119,드라마,paid,fsong@gimno.com,9,0
최준영,33,2025-04-29,273,예능,unpaid,rgim@live.com,9,0
김병철,62,2025-04-10,261,예능,paid,cyang@hanmail.net,28,0
박춘자,39,2025-04-17,274,예능,unpaid,gimjunyeong@live.com,21,0
손영진,27,2025-04-19,234,다큐멘터리,unpaid,whwang@jeongbagbaeg.kr,19,0
이경수,21,2025-04-20,202,영화,unpaid,baeeunseo@yuhanhoesa.com,18,0
윤상훈,57,2025-04-14,31,예능,paid,seoyeongna@ihonghong.com,24,0
이정호,23,2025-05-01,205,예능,paid,hanjeonghun@hotmail.com,7,0
김혜진,29,2025-04-06,275,드라마,unpaid,seonghun01@gmail.com,32,1
김영진,23,2025-04-11,119,애니메이션,unpaid,jihye32@oheo.org,27,0
김민서,65,2025-04-10,91,애니메이션,unpaid,hongjia@yu.com,28,0
김민재,56,2025-04-08,46,영화,unpaid,lyun@nate.com,30,1
최민준,45,2025-04-28,168,다큐멘터리,unpaid,seojun09@live.com,10,0
황윤서,50,2025-04-21,80,영화,paid,jihye93@yuhanhoesa.com,17,0
손도현,33,2025-04-21,134,영화,unpaid,ngim@hanmail.net,17,0
이지우,38,2025-04-16,101,드라마,unpaid,iyejin@yuhanhoesa.kr,22,0
이준영,38,2025-04-20,293,예능,unpaid,hyeonuan@yu.com,18,0
이정웅,49,2025-04-06,229,영화,unpaid,seohyeon97@yuhanhoesa.com,32,1
이현우,56,2025-04-07,142,예능,paid,areum43@daum.net,31,1
최준혁,57,2025-04-26,100,예능,paid,ijihun@ryugang.kr,12,0
김민준,29,2025-04-17,235,다큐멘터리,unpaid,bagsangho@live.com,21,0
손상훈,43,2025-04-03,258,영화,paid,juweoni@hotmail.com,35,1
이영수,49,2025-04-19,97,다큐멘터리,unpaid,seoyeon21@yu.com,19,0
홍지은,29,2025-04-27,227,영화,paid,pcoe@dreamwiz.com,11,0
이준혁,55,2025-04-11,147,드라마,paid,sanghungweon@jusighoesa.org,27,0
김도현,32,2025-04-03,159,드라마,unpaid,hyejingang@naver.com,35,1
서준서,30,2025-04-15,63,드라마,paid,jcoe@gobag.org,23,0
한영환,18,2025-04-09,58,예능,paid,iseongsu@daum.net,29,0
최미숙,45,2025-04-24,170,애니메이션,paid,jiyeong46@dreamwiz.com,14,0
박보람,63,2025-04-28,167,영화,unpaid,subinjang@live.com,10,0
손성진,39,2025-04-30,180,예능,paid,sinjihye@gimryu.com,8,0
홍준호,48,2025-04-27,122,드라마,unpaid,seongminu@hwangiseo.kr,11,0
김서영,21,2025-04-11,18,드라마,paid,xgweon@gmail.com,27,0
김숙자,19,2025-04-29,183,영화,paid,eunseobag@gmail.com,9,0
양상철,21,2025-04-04,187,드라마,unpaid,dohyeongim@hani.org,34,1
이지훈,57,2025-04-29,130,영화,paid,junseocoe@yuhanhoesa.com,9,0
홍상훈,30,2025-04-05,145,드라마,unpaid,doyun02@jusighoesa.net,33,1
윤영일,38,2025-04-25,284,예능,paid,pbaeg@ju.kr,13,0
이현주,57,2025-04-22,75,드라마,unpaid,wbae@dreamwiz.com,16,0
박정남,31,2025-04-13,90,예능,paid,gimhyejin@nate.com,25,0
최수빈,58,2025-04-29,148,드라마,paid,rgim@goi.net,9,0
윤서연,24,2025-04-23,156,영화,unpaid,songeunju@jangjango.net,15,0
이지후,41,2025-04-29,102,영화,paid,lseo@hanmail.net,9,0
오정수,41,2025-04-23,150,애니메이션,unpaid,migyeong28@hotmail.com,15,0
박정호,21,2025-04-18,299,예능,unpaid,areum35@yu.com,20,0
최영길,33,2025-05-01,95,애니메이션,unpaid,ogim@yuhanhoesa.kr,7,0
이채원,57,2025-04-29,232,다큐멘터리,paid,hyejini@gimmungim.com,9,0
강민준,49,2025-04-28,95,예능,unpaid,bagyeonggil@jusighoesa.org,10,0
김영희,47,2025-04-08,110,드라마,unpaid,ei@live.com,30,1
박정웅,37,2025-04-19,252,영화,unpaid,yujin83@ju.com,19,0
김영일,50,2025-04-29,244,영화,paid,minsugim@naver.com,9,0
박영진,35,2025-04-16,270,영화,unpaid,jeonghobae@nate.com,22,0
김하윤,63,2025-04-12,236,영화,paid,gimyeji@hotmail.com,26,0
김영일,41,2025-04-26,94,애니메이션,unpaid,yeeun06@hwanggang.kr,12,0
장은지,48,2025-04-14,233,영화,paid,hanjihu@gimgimhan.com,24,0
강수진,25,2025-04-01,17,드라마,paid,sujin26@ju.kr,37,1
이영진,35,2025-04-08,110,다큐멘터리,paid,yeweon42@yuhanhoesa.com,30,1
장지후,49,2025-04-29,119,영화,unpaid,hayunhwang@daum.net,9,0
김선영,29,2025-04-02,21,애니메이션,unpaid,smin@baggim.com,36,1
고아름,34,2025-04-30,139,영화,unpaid,gseo@gmail.com,8,0
김재호,62,2025-04-29,174,애니메이션,paid,jiweon94@daum.net,9,0
이민석,60,2025-04-23,223,예능,unpaid,yi@dreamwiz.com,15,0
윤지우,39,2025-04-16,207,예능,unpaid,yeonghyigim@ju.kr,22,0
최시우,35,2025-04-25,23,예능,unpaid,sumin27@dreamwiz.com,13,0
이광수,51,2025-04-28,235,다큐멘터리,unpaid,gyeongsu89@hanmail.net,10,0
장순옥,50,2025-04-10,114,드라마,paid,pjang@ijangi.org,28,0
손은영,43,2025-04-30,40,영화,paid,migyeongbag@mungimbag.com,8,0
이영일,30,2025-04-24,134,예능,unpaid,fryu@dreamwiz.com,14,0
최도현,24,2025-04-16,49,예능,unpaid,fi@gmail.com,22,0
이영호,53,2025-04-21,115,다큐멘터리,unpaid,anhyeonsug@soncoe.net,17,0
하아름,62,2025-04-03,220,다큐멘터리,paid,jeonghyii@oibag.com,35,1
김순자,56,2025-04-05,172,예능,unpaid,yeonghyi02@dreamwiz.com,33,1
오정웅,45,2025-04-21,250,예능,unpaid,sumin31@gimryugim.com,17,0
이지훈,43,2025-04-15,272,애니메이션,paid,lbag@yuhanhoesa.net,23,0
심준영,64,2025-04-13,30,애니메이션,unpaid,yeongjagim@hotmail.com,25,0
윤예준,32,2025-04-22,210,애니메이션,unpaid,mi@hanmail.net,16,0
차현우,51,2025-04-12,68,예능,paid,seongminjo@naver.com,26,0
최숙자,58,2025-04-21,142,영화,paid,yeonggilo@heogim.net,17,0
성예진,40,2025-04-23,22,드라마,unpaid,gweonseoyeon@live.com,15,0
손옥자,22,2025-04-29,155,애니메이션,paid,bagdoyun@hotmail.com,9,0
김상훈,47,2025-04-07,125,애니메이션,unpaid,yeongsun20@gimjeong.com,31,1
김채원,64,2025-04-22,15,애니메이션,paid,ygim@hangim.kr,16,0
성현우,57,2025-04-13,35,애니메이션,paid,gimyeongceol@dreamwiz.com,25,0
백정자,31,2025-04-13,298,애니메이션,paid,eungyeongca@naver.com,25,0
나도현,53,2025-04-01,97,애니메이션,unpaid,ijihun@gimcoe.com,37,1
박진우,41,2025-04-04,159,영화,paid,caeweoncoe@bagcoe.com,34,1
오영진,44,2025-04-12,151,다큐멘터리,unpaid,anseonghyeon@gimgimgim.com,26,0
이진호,22,2025-04-24,240,영화,paid,gimjeongho@hanmail.net,14,0
강은정,65,2025-04-02,248,다큐멘터리,paid,junyeong16@bagi.kr,36,1
이지원,39,2025-04-02,199,드라마,unpaid,pgim@hanmail.net,36,1
김동현,20,2025-04-17,219,애니메이션,paid,gimsugja@yuhanhoesa.com,21,0
한현지,51,2025-05-01,261,예능,unpaid,sinseongjin@dreamwiz.com,7,0
김명자,50,2025-04-07,37,영화,paid,boram93@ibag.kr,31,1
김정남,43,2025-04-24,18,애니메이션,paid,gweonseoyun@yu.com,14,0
이현숙,32,2025-04-20,263,영화,unpaid,bryu@dreamwiz.com,18,0
김정호,54,2025-04-22,119,드라마,unpaid,jaehoson@nate.com,16,0
김채원,40,2025-04-21,228,드라마,paid,gimseoyeong@baghai.net,17,0
서서영,41,2025-04-15,11,애니메이션,unpaid,seungmingang@gimgim.org,23,0
김지아,48,2025-04-26,57,다큐멘터리,unpaid,iminjae@daum.net,12,0
최진호,41,2025-04-14,87,드라마,paid,yeongsuggim@naver.com,24,0
배숙자,55,2025-04-21,98,다큐멘터리,paid,subin49@hotmail.com,17,0
이숙자,62,2025-04-22,187,영화,unpaid,geonugim@hanmail.net,16,0
윤수민,28,2025-05-01,116,영화,paid,yeongsuni@dreamwiz.com,7,0
이성수,51,2025-04-06,248,다큐멘터리,unpaid,sunjagim@gogim.kr,32,1
서재현,33,2025-04-17,103,다큐멘터리,paid,hongsugja@hwanggimgim.com,21,0
엄예은,35,2025-04-13,261,다큐멘터리,paid,junhyeog94@yuhanhoesa.com,25,0
박정남,21,2025-04-14,223,다큐멘터리,paid,jinhogim@yuhanhoesa.com,24,0
박도윤,42,2025-04-10,242,드라마,unpaid,donghyeongim@nate.com,28,0
허중수,57,2025-04-23,196,드라마,paid,sanghyeon84@coecoe.kr,15,0
이은지,25,2025-04-06,120,영화,unpaid,junseo38@imunbag.kr,32,1
김춘자,34,2025-04-10,123,다큐멘터리,paid,yeongsigbag@naver.com,28,0
김성호,23,2025-04-07,256,예능,unpaid,jihui@yuhanhoesa.net,31,1
김경희,47,2025-04-17,153,드라마,paid,sugjagim@ju.com,21,0
이현지,54,2025-04-01,3,예능,paid,hayun37@mungimryu.kr,37,1
최정훈,41,2025-04-09,267,예능,paid,yejii@dreamwiz.com,29,0
김영미,26,2025-04-12,83,영화,unpaid,gimmiyeong@ryujogim.kr,26,0
양옥자,48,2025-04-25,3,다큐멘터리,unpaid,bagseojun@yuhanhoesa.kr,13,0
심영수,49,2025-04-28,290,영화,unpaid,seohyeon91@live.com,10,0
박상호,19,2025-04-16,118,드라마,paid,seonyeong86@gimo.org,22,0
박영진,20,2025-04-21,277,예능,unpaid,yeongjai@nate.com,17,0
이영환,32,2025-04-01,274,영화,unpaid,ncoe@naver.com,37,1
이서영,29,2025-04-13,76,영화,unpaid,juweoncoe@naver.com,25,0
최지영,52,2025-04-29,95,다큐멘터리,unpaid,jiminyun@hanmail.net,9,0
한민준,22,2025-04-04,215,예능,paid,zan@jusighoesa.org,34,1
유시우,37,2025-04-05,180,드라마,unpaid,yeongsu19@yuhanhoesa.com,33,1
최현정,54,2025-04-14,91,애니메이션,unpaid,mbag@giman.kr,24,0
김보람,47,2025-04-06,251,예능,paid,yeongil02@yu.kr,32,1
김정식,18,2025-04-23,243,드라마,unpaid,yeji89@isong.com,15,0
김현숙,54,2025-04-23,114,다큐멘터리,paid,seonghun81@yu.com,15,0
송은경,43,2025-04-09,172,예능,paid,xcoe@hanmail.net,29,0
성예원,53,2025-04-26,49,다큐멘터리,paid,bagyeongho@live.com,12,0
지정숙,65,2025-04-27,251,드라마,unpaid,jungsu58@yu.org,11,0
최민준,30,2025-04-12,58,다큐멘터리,paid,yeongsu94@hotmail.com,26,0
장하은,30,2025-04-14,256,영화,paid,yeongilgim@naver.com,24,0
김상호,42,2025-04-26,289,드라마,paid,eunseogim@daum.net,12,0
장은영,48,2025-04-13,142,예능,unpaid,ui@baeyangcoe.com,25,0
나지훈,21,2025-04-02,9,다큐멘터리,paid,kgim@hotmail.com,36,1
안영수,21,2025-04-12,81,영화,unpaid,junhyeog27@yuhanhoesa.kr,26,0
이은영,49,2025-04-27,167,애니메이션,unpaid,minjigim@dreamwiz.com,11,0
이보람,59,2025-04-15,274,드라마,paid,jihugweon@nate.com,23,0
이보람,37,2025-04-29,218,다큐멘터리,unpaid,eunjio@yuhanhoesa.com,9,0
성민재,43,2025-04-01,283,영화,paid,jihungim@ani.kr,37,1
김미숙,52,2025-04-30,183,영화,unpaid,gimyeongceol@yuhanhoesa.kr,8,0
김경자,59,2025-04-26,179,드라마,unpaid,jia93@yu.net,12,0
황예원,55,2025-04-30,112,예능,unpaid,dgang@jusighoesa.com,8,0
강승민,50,2025-04-27,106,영화,paid,gimyeongsig@yuno.kr,11,0
이영희,41,2025-04-06,143,다큐멘터리,unpaid,li@gmail.com,32,1
김상훈,18,2025-04-14,8,영화,unpaid,seonghogim@yuhanhoesa.org,24,0
김은정,29,2025-04-14,76,애니메이션,paid,pi@baggim.kr,24,0
김정숙,22,2025-04-17,100,애니메이션,paid,ibag@naver.com,21,0
김현정,22,2025-04-01,46,영화,paid,ogang@bagyuni.com,37,1
김동현,58,2025-04-17,258,영화,unpaid,jungsu24@gmail.com,21,0
송준혁,37,2025-04-05,242,다큐멘터리,paid,gyeongsug07@dreamwiz.com,33,1
권주원,50,2025-04-13,13,영화,unpaid,coeseungmin@igimseo.kr,25,0
김미경,54,2025-04-27,136,예능,paid,ujin84@gimgimgim.com,11,0
강수민,44,2025-04-12,222,애니메이션,unpaid,jeongsugim@gmail.com,26,0
김서준,36,2025-04-05,292,드라마,paid,gimseongjin@dreamwiz.com,33,1
이주원,48,2025-04-03,230,다큐멘터리,unpaid,gyeongsug05@daum.net,35,1
곽명숙,44,2025-04-03,18,예능,paid,jeongseonghun@naver.com,35,1
류미영,25,2025-04-25,258,애니메이션,paid,chwang@ju.net,13,0
박현지,55,2025-04-07,224,다큐멘터리,paid,tjang@nate.com,31,1
서정호,35,2025-04-24,300,애니메이션,unpaid,gyeonghyi43@sonmun.com,14,0
김영희,32,2025-04-22,99,애니메이션,paid,eunjeongcoe@angimgim.org,16,0
한민지,45,2025-04-23,212,애니메이션,unpaid,seonghyeongim@nameom.net,15,0
이민재,56,2025-04-18,293,예능,unpaid,myeongsugi@songbag.com,20,0
이정웅,59,2025-04-04,288,영화,unpaid,bagjinu@naver.com,34,1
박윤서,52,2025-04-09,152,애니메이션,paid,yejin49@hotmail.com,29,0
김성민,33,2025-04-09,258,영화,paid,hyeonu86@hotmail.com,29,0
강아름,37,2025-04-10,140,애니메이션,unpaid,yeji86@yuhanhoesa.com,28,0
이은주,60,2025-04-11,77,드라마,paid,bagminjae@jusighoesa.com,27,0
김경수,54,2025-04-02,95,드라마,unpaid,sbag@naver.com,36,1
김정웅,25,2025-04-17,53,애니메이션,paid,areumnam@yuhanhoesa.kr,21,0
안명숙,27,2025-04-10,125,드라마,paid,seojeongsun@daum.net,28,0
성미숙,44,2025-04-22,190,애니메이션,unpaid,hgim@jusighoesa.kr,16,0
김재현,31,2025-04-25,70,예능,unpaid,bhan@daum.net,13,0
김승민,25,2025-04-10,75,드라마,paid,mijeongjo@nate.com,28,0
최혜진,65,2025-04-30,215,드라마,paid,bgweon@nate.com,8,0
최서영,57,2025-04-29,7,애니메이션,unpaid,hyeonsug76@gmail.com,9,0
나은서,27,2025-04-29,221,드라마,paid,geonu33@gimryu.net,9,0
허옥순,47,2025-04-11,95,드라마,unpaid,gimjongsu@yu.kr,27,0
김성민,32,2025-04-27,170,다큐멘터리,paid,yejino@dreamwiz.com,11,0
류정수,59,2025-04-28,178,애니메이션,unpaid,dohyeon96@ju.kr,10,0
문준호,55,2025-04-17,143,예능,paid,gangsugja@yu.com,21,0
김명숙,34,2025-05-01,37,애니메이션,unpaid,kgweon@daum.net,7,0
이승민,51,2025-04-12,33,다큐멘터리,unpaid,minjun90@iii.net,26,0
김영호,33,2025-04-10,263,예능,paid,myun@hanmail.net,28,0
이시우,27,2025-04-18,207,드라마,unpaid,jangjihun@gimi.net,20,0
이현준,32,2025-04-19,269,애니메이션,unpaid,jinhoyu@hanmail.net,19,0
이정훈,32,2025-04-28,98,영화,unpaid,seoyeongjin@yu.net,10,0
이예은,52,2025-04-14,184,애니메이션,unpaid,ogsungim@naver.com,24,0
강혜진,60,2025-04-11,100,드라마,paid,qcoe@yu.kr,27,0
박진우,21,2025-04-24,57,영화,unpaid,qjang@mungim.org,14,0
이현지,32,2025-04-16,106,예능,paid,gyeonghyi98@jusighoesa.net,22,0
김영진,18,2025-05-01,230,애니메이션,unpaid,ki@gmail.com,7,0
이재현,37,2025-04-08,294,다큐멘터리,paid,eunji46@yu.com,30,1
이진호,48,2025-04-09,112,예능,paid,jgim@jubaegi.kr,29,0
윤영환,63,2025-04-11,18,영화,unpaid,jeongnamhan@yuhanhoesa.org,27,0
남지훈,25,2025-04-28,79,애니메이션,paid,coehayun@daum.net,10,0
홍민재,35,2025-04-29,73,다큐멘터리,unpaid,jiyeong66@bagsim.net,9,0
이지영,23,2025-04-10,43,애니메이션,unpaid,seungmingweon@jogang.kr,28,0
임성호,62,2025-04-30,251,애니메이션,paid,myeongjajo@nate.com,8,0
이영수,28,2025-04-19,238,영화,paid,yeongsigi@yu.com,19,0
김현숙,60,2025-04-09,287,드라마,paid,dim@hanmail.net,29,0
